City_ID,City,Cloudiness,Country,Date,Humidity (%),Lat,Lng,Temperature (F),Windspeed (mph)
0,punta arenas,75,CL,1540760400,66,-53.16,-70.91,51.8,9.17
1,lagoa,0,PT,1540760400,54,37.14,-8.45,53.6,9.17
2,albany,90,US,1540761120,70,42.65,-73.75,48.2,4.7
3,queanbeyan,90,AU,1540760400,71,-35.35,149.23,51.8,9.17
4,hermanus,56,ZA,1540762336,64,-34.42,19.24,67.05,2.82
5,tetiyiv,0,UA,1540762337,84,49.38,29.66,51.07,7.74
6,bandundu,48,CD,1540762337,89,-3.32,17.38,76.9,4.61
7,kemi,0,FI,1540759800,85,65.74,24.56,10.4,2.37
8,saskylakh,64,RU,1540762337,83,71.97,114.09,25.96,10.42
9,narsaq,48,GL,1540759800,58,60.91,-46.05,28.4,4.7
10,paamiut,48,GL,1540762338,98,61.99,-49.67,36.94,37.16
11,kahului,20,US,1540760160,58,20.89,-156.47,87.8,13.87
12,avarua,90,CK,1540760400,88,-21.21,-159.78,71.6,20.8
13,busselton,76,AU,1540762338,100,-33.64,115.35,59.44,12.88
14,zaltan,36,LY,1540762339,70,32.95,11.87,74.83,9.98
15,carnarvon,0,ZA,1540762339,16,-30.97,22.13,70.33,7.74
16,umm lajj,32,SA,1540762270,100,25.02,37.27,74.25,11.99
17,rikitea,88,PF,1540762339,100,-23.12,-134.97,70.47,12.66
18,bredasdorp,80,ZA,1540760400,88,-34.53,20.04,64.4,3.36
19,talnakh,76,RU,1540762340,90,69.49,88.39,19.93,6.73
20,kieta,8,PG,1540762340,100,-6.22,155.63,79.69,2.71
21,fort nelson,90,CA,1540760400,64,58.81,-122.69,33.8,3.36
22,mataura,44,NZ,1540762341,94,-46.19,168.86,50.8,4.72
23,iracoubo,88,GF,1540762341,79,5.48,-53.21,81.27,4.38
24,mount gambier,0,AU,1540762291,84,-37.83,140.78,43.96,2.71
25,barrow,48,AR,1540762335,92,-38.31,-60.23,67.68,12.21
26,port elizabeth,90,US,1540760160,71,39.31,-74.98,55.4,9.17
27,kaeo,64,NZ,1540762342,86,-35.1,173.78,57.73,19.71
28,provideniya,90,RU,1540760400,86,64.42,-173.23,26.6,11.18
29,butaritari,56,KI,1540762342,100,3.07,172.79,85.5,11.77
30,atuona,48,PF,1540762343,100,-9.8,-139.03,80.1,12.55
31,tura,56,IN,1540762343,96,25.52,90.21,66.87,2.26
32,saint george,20,GR,1540759800,87,39.45,22.34,57.2,2.37
33,verkhoyansk,64,RU,1540762343,86,67.55,133.39,22.68,8.08
34,kodiak,1,US,1540759980,24,39.95,-94.76,66.2,19.46
35,yulara,0,AU,1540760400,82,-25.24,130.99,66.2,3.36
36,santa ana,75,SV,1540759800,59,13.99,-89.56,89.6,6.93
37,vanimo,24,PG,1540762345,100,-2.67,141.3,82.75,4.94
38,dikson,80,RU,1540762345,100,73.51,80.55,27.13,22.39
39,banfora,12,BF,1540762345,90,10.64,-4.75,74.47,3.15
40,faanui,0,PF,1540762345,100,-16.48,-151.75,81.13,7.96
41,awjilah,0,LY,1540762346,34,29.14,21.3,72.04,13.11
42,sur,76,OM,1540762346,100,22.57,59.53,79.6,5.06
43,cape town,90,ZA,1540760400,93,-33.93,18.42,62.6,10.29
44,dhidhdhoo,80,MV,1540762346,100,6.88,73.1,82.3,11.43
45,seoul,75,KR,1540760400,86,37.57,126.98,44.6,2.24
46,pisco,75,PE,1540760400,72,-13.71,-76.2,68.0,11.41
47,tomatlan,0,MX,1540762347,58,19.93,-105.25,86.98,4.72
48,port keats,0,AU,1540762347,93,-14.25,129.55,79.2,7.96
49,castro,92,CL,1540762348,97,-42.48,-73.76,55.08,7.74
50,lagunas,0,PE,1540762348,35,-5.23,-75.68,97.2,3.04
51,horsham,0,AU,1540762348,72,-36.71,142.2,47.29,8.75
52,yellowknife,90,CA,1540760400,86,62.45,-114.38,30.2,5.82
53,mar del plata,48,AR,1540762349,41,-46.43,-67.52,70.92,13.22
54,babstovo,36,RU,1540762144,89,48.12,132.48,19.57,2.82
55,chunhuhub,80,MX,1540762349,47,19.59,-88.59,88.96,4.38
56,saldanha,32,PT,1540762349,75,41.42,-6.55,39.73,9.19
57,kapaa,40,US,1540760160,74,22.08,-159.32,84.2,11.41
58,ilulissat,88,GL,1540759800,92,69.22,-51.1,26.6,12.75
59,hakui,75,JP,1540756800,71,36.89,136.78,55.4,12.75
60,yonago,75,JP,1540760400,81,35.42,133.37,53.6,3.36
61,katima mulilo,0,NA,1540762350,26,-17.5,24.28,72.63,8.97
62,faya,0,SA,1540760400,87,18.39,42.45,62.6,5.28
63,hambantota,68,LK,1540762351,100,6.12,81.12,77.58,8.63
64,fairbanks,90,US,1540760760,79,64.84,-147.72,24.8,13.87
65,juegang,0,CN,1540762351,100,32.31,121.18,51.48,6.4
66,bluff,36,AU,1540762352,81,-23.58,149.07,74.83,14.45
67,chuy,0,UY,1540762352,81,-33.69,-53.46,65.29,9.64
68,jamestown,0,AU,1540762353,87,-33.21,138.6,47.11,2.93
69,cap-aux-meules,90,CA,1540761060,93,47.38,-61.86,48.2,12.75
70,hami,0,CN,1540762353,64,42.84,93.51,31.45,2.48
71,victoria,75,BN,1540760400,94,5.28,115.24,78.8,6.17
72,comodoro rivadavia,75,AR,1540760400,49,-45.87,-67.48,71.6,14.99
73,george,20,NG,1540756800,88,6.63,3.35,77.0,2.24
74,puerto ayora,0,EC,1540760400,57,-0.74,-90.35,78.8,24.16
75,bom jesus,12,BR,1540762355,60,-9.08,-44.36,86.98,2.59
76,samarai,68,PG,1540762355,100,-10.62,150.67,76.77,2.37
77,ayr,20,GB,1540759800,86,55.46,-4.63,33.8,4.7
78,ushuaia,75,AR,1540760400,68,-54.81,-68.31,53.6,12.75
79,hilo,90,US,1540760940,88,19.71,-155.08,75.2,15.46
80,nyurba,12,RU,1540762356,94,63.29,118.35,29.29,8.63
81,savannah bight,12,HN,1540762357,97,16.45,-85.85,82.98,8.63
82,boa vista,40,BR,1540760400,46,2.82,-60.67,93.2,6.93
83,cherskiy,80,RU,1540762358,89,68.75,161.3,8.23,7.96
84,bambous virieux,20,MU,1540760400,82,-20.34,57.76,68.0,5.82
85,torbay,90,CA,1540760400,93,47.66,-52.73,42.8,19.46
86,sao jose do campestre,0,BR,1540760400,74,-6.32,-35.71,80.6,5.82
87,zeya,88,RU,1540762359,67,53.74,127.27,31.32,6.62
88,san andres,64,PH,1540762359,100,13.32,122.68,80.23,15.01
89,tsovazard,0,AM,1540760400,75,40.48,45.05,42.8,1.12
90,chengde,0,CN,1540762359,49,40.97,117.93,25.92,5.28
91,pimenteiras,80,BR,1540762360,35,-6.24,-41.42,91.62,3.04
92,qaanaaq,44,GL,1540762360,100,77.48,-69.36,1.48,7.74
93,nikolskoye,75,RU,1540760400,92,59.7,30.79,30.2,3.71
94,khatanga,88,RU,1540762361,85,71.98,102.47,21.64,26.42
95,hobart,40,AU,1540760400,66,-42.88,147.33,51.8,4.7
96,port alfred,20,ZA,1540762361,81,-33.59,26.89,72.0,21.61
97,geraldton,90,CA,1540760400,65,49.72,-86.95,41.0,8.05
98,adrar,44,DZ,1540760400,26,27.87,-0.29,82.4,26.4
99,gamba,0,CN,1540762362,56,28.28,88.52,-6.17,2.37
100,hamilton,90,CA,1540761120,87,43.26,-79.87,42.8,3.36
101,vostok,88,RU,1540762363,83,46.45,135.83,23.89,2.15
102,tuktoyaktuk,90,CA,1540760400,92,69.44,-133.03,19.4,6.93
103,kavieng,56,PG,1540762363,100,-2.57,150.8,82.12,6.62
104,namatanai,48,PG,1540762363,100,-3.66,152.44,81.45,1.03
105,berezanka,0,UA,1540762364,92,46.86,31.39,56.74,9.86
106,grootfontein,0,NA,1540762364,40,-19.56,18.1,64.12,4.94
107,aswan,0,EG,1540762364,51,24.09,32.9,70.2,8.86
108,vaini,0,IN,1540762364,56,15.34,74.49,66.73,4.61
109,grand gaube,20,MU,1540760400,82,-20.01,57.66,68.0,5.82
110,merauke,92,ID,1540762365,94,-8.49,140.4,79.87,7.63
111,gimli,48,CA,1540762332,97,50.63,-96.99,40.05,8.86
112,akranes,90,IS,1540760400,100,64.32,-22.07,37.4,5.82
113,carauari,8,BR,1540762365,75,-4.88,-66.9,87.16,4.16
114,fortuna,20,ES,1540760400,34,38.18,-1.13,55.4,14.99
115,sao filipe,44,CV,1540762366,98,14.9,-24.5,77.89,13.67
116,broome,20,GB,1540760160,93,52.47,1.45,41.0,2.24
117,cayenne,0,GF,1540760400,74,4.94,-52.33,84.2,4.7
118,guiyang,88,CN,1540760400,93,26.58,106.71,53.6,3.15
119,coalinga,1,US,1540760160,36,36.14,-120.36,80.6,14.99
120,souillac,90,FR,1540760400,86,45.6,-0.6,41.0,14.99
121,georgetown,20,GY,1540760400,83,6.8,-58.16,82.4,11.41
122,waipawa,8,NZ,1540762368,75,-39.94,176.59,58.27,3.94
123,tasiilaq,0,GL,1540762368,100,65.61,-37.64,26.28,15.23
124,te anau,20,NZ,1540762368,100,-45.41,167.72,45.22,3.6
125,columbus,1,US,1540760280,41,32.46,-84.99,78.8,8.05
126,nome,1,US,1540760100,45,30.04,-94.42,84.2,6.93
127,phan thiet,20,VN,1540762369,97,10.93,108.1,79.47,9.19
128,puerto escondido,40,MX,1540759200,62,15.86,-97.07,89.6,6.93
129,songea,0,TZ,1540762209,85,-10.68,35.65,60.79,2.93
130,ribeira grande,20,PT,1540760400,67,38.52,-28.7,60.8,6.93
131,half moon bay,75,US,1540760160,72,37.46,-122.43,75.2,14.99
132,kailua,75,US,1540760640,74,21.39,-157.74,84.2,10.29
133,grindavik,90,IS,1540760400,93,63.84,-22.43,37.4,8.05
134,ancud,92,CL,1540762371,99,-41.87,-73.83,55.35,10.2
135,polunochnoye,0,RU,1540762371,74,60.87,60.43,20.07,4.94
136,vardo,75,US,1540760400,54,39.62,-77.74,57.2,5.82
137,port augusta,0,AU,1540760400,87,-32.49,137.76,53.6,5.82
138,vagur,76,FO,1540762372,100,61.47,-6.81,46.62,32.46
139,sao joao da barra,75,BR,1540760400,64,-21.64,-41.05,73.4,23.04
140,nanortalik,92,GL,1540762372,95,60.14,-45.24,36.27,38.05
141,kloulklubed,90,PW,1540759800,83,7.04,134.26,80.6,6.93
142,east london,36,ZA,1540762152,93,-33.02,27.91,71.68,30.11
143,constitucion,20,MX,1540759320,33,23.99,-104.67,73.4,6.93
144,sabzevar,32,IR,1540762373,93,36.21,57.68,39.73,5.84
145,robertsport,12,LR,1540762373,100,6.75,-11.37,82.21,7.4
146,buala,8,SB,1540762374,90,-8.15,159.59,83.74,2.71
147,codrington,92,AU,1540762374,100,-28.95,153.24,59.98,3.27
148,vestmanna,92,FO,1540759800,70,62.16,-7.17,44.6,24.16
149,abu dhabi,0,AE,1540760400,66,24.47,54.37,84.2,3.36
150,victor harbor,20,AU,1540760400,66,-35.55,138.62,55.4,3.36
151,vondrozo,92,MG,1540762375,100,-22.82,47.32,60.25,5.73
152,port shepstone,12,ZA,1540762375,91,-30.74,30.45,70.15,23.06
153,alausi,0,EC,1540762375,65,-2.2,-78.83,60.43,3.71
154,cap malheureux,20,MU,1540760400,82,-19.98,57.61,68.0,5.82
155,praia,20,BR,1540760400,51,-20.25,-43.81,80.6,4.7
156,upernavik,32,GL,1540762376,100,72.79,-56.15,20.65,11.21
157,aykhal,56,RU,1540762376,86,65.95,111.51,31.68,9.86
158,middelburg,0,ZA,1540762377,43,-25.77,29.46,67.95,8.97
159,caernarfon,92,GB,1540756200,80,53.14,-4.27,39.2,6.93
160,hithadhoo,92,MV,1540762377,100,-0.6,73.08,79.2,5.73
161,lorengau,64,PG,1540762377,100,-2.02,147.27,82.08,4.94
162,prescott,1,US,1540759980,23,34.54,-112.47,78.8,4.05
163,opuwo,32,NA,1540762378,52,-18.06,13.84,68.17,3.38
164,vila franca do campo,75,PT,1540760400,63,37.72,-25.43,62.6,12.75
165,esperance,20,TT,1540760400,66,10.24,-61.45,86.0,8.05
166,shingu,0,JP,1540762378,100,33.72,135.99,62.37,10.65
167,ucluelet,90,CA,1540760400,87,48.94,-125.55,51.8,10.29
168,chapada dos guimaraes,75,BR,1540760400,66,-15.46,-55.75,84.2,5.82
169,mapiripan,44,CO,1540762379,92,2.89,-72.13,80.05,6.17
170,viedma,32,AR,1540762379,52,-40.81,-62.99,74.43,13.44
171,ixtapa,5,MX,1540759440,83,20.71,-105.21,84.2,10.29
172,santo tomas,24,PH,1540762380,85,15.88,120.59,67.9,2.59
173,welkom,44,ZA,1540762380,46,-27.98,26.74,66.55,5.28
174,ampanihy,76,MG,1540762380,86,-24.69,44.75,63.4,11.32
175,ballina,44,IE,1540762381,100,54.11,-9.15,33.79,6.85
176,alice springs,90,AU,1540760400,88,-23.7,133.88,66.2,4.7
177,vila velha,40,BR,1540760400,74,-3.71,-38.6,80.6,11.41
178,birao,0,CF,1540762382,45,10.3,22.78,73.08,5.28
179,kochi,40,IN,1540758600,83,9.96,76.25,78.8,4.7
180,palmer,90,US,1540760940,86,61.6,-149.11,37.4,5.82
181,new norfolk,40,AU,1540760400,66,-42.78,147.06,51.8,4.7
182,huarmey,8,PE,1540762383,61,-10.07,-78.15,70.15,3.94
183,jiwani,24,PK,1540762383,93,25.05,61.74,72.18,4.61
184,port lincoln,0,AU,1540762383,100,-34.72,135.86,54.85,9.08
185,evensk,92,RU,1540762383,100,61.92,159.24,29.07,6.96
186,san patricio,0,PY,1540762384,66,-26.98,-56.83,75.6,3.27
187,nikki,24,BJ,1540762384,90,9.94,3.21,73.03,4.16
188,airai,0,TL,1540762384,86,-8.93,125.41,62.86,1.36
189,saint-georges,92,CA,1540762385,100,46.12,-70.67,47.88,3.38
190,mana,92,RS,1540760400,63,43.52,20.24,68.0,10.29
191,kommunisticheskiy,64,RU,1540762386,87,61.68,64.48,27.13,3.71
192,ewa beach,1,US,1540760640,62,21.32,-158.01,84.2,9.17
193,el fuerte,0,MX,1540762386,36,26.42,-108.62,92.43,3.15
194,kruisfontein,0,ZA,1540762386,87,-34.0,24.73,64.8,6.62
195,antalaha,36,MG,1540762386,93,-14.9,50.28,71.95,2.37
196,bethel,1,US,1540759980,86,60.79,-161.76,26.6,6.93
197,springfield,1,US,1540759920,36,37.22,-93.29,64.4,9.17
198,kirs,92,RU,1540762388,88,59.34,52.24,27.49,6.29
199,kavaratti,8,IN,1540762388,98,10.57,72.64,85.63,8.97
200,clyde river,90,CA,1540760400,70,70.47,-68.59,1.4,3.36
201,saint-philippe,90,CA,1540760940,93,45.36,-73.48,42.8,6.93
202,hit,0,IQ,1540762389,56,33.64,42.83,57.6,10.2
203,mahebourg,20,MU,1540760400,82,-20.41,57.7,68.0,5.82
204,mazyr,92,BY,1540762389,98,52.05,29.27,42.57,8.3
205,ilheus,0,BR,1540756800,88,-14.79,-39.05,78.8,2.24
206,datong,68,CN,1540762390,87,40.09,113.3,31.0,4.61
207,hearst,80,CA,1540762390,63,49.69,-83.67,34.02,5.39
208,maxixe,0,MZ,1540762390,100,-23.86,35.35,68.58,9.98
209,pokhara,0,NP,1540762390,77,28.21,83.99,40.63,1.59
210,taldan,76,RU,1540762391,68,53.69,124.82,31.63,6.73
211,mookane,0,BW,1540762391,33,-23.68,26.66,70.38,11.54
212,lebowakgomo,0,ZA,1540760400,40,-24.3,29.54,68.0,5.82
213,port blair,0,IN,1540762391,100,11.67,92.75,84.42,8.52
214,juba,0,EE,1540759800,80,57.82,26.93,30.2,4.7
215,pevek,76,RU,1540762392,100,69.7,170.27,15.03,6.51
216,mpika,0,ZM,1540762392,37,-11.84,31.4,66.91,11.77
217,almaznyy,12,RU,1540762392,80,48.03,40.04,54.31,10.98
218,arlit,76,NE,1540762393,41,18.74,7.39,82.84,6.73
219,norman wells,75,CA,1540760400,92,65.28,-126.83,24.8,9.17
220,oktyabrskiy,20,RU,1540760400,93,55.61,37.97,39.2,6.71
221,shelburne,90,CA,1540761240,86,44.08,-80.2,42.8,3.36
222,arraial do cabo,40,BR,1540760400,83,-22.97,-42.02,71.6,17.22
223,nishihara,1,JP,1540760400,81,35.74,139.53,57.2,5.82
224,mahibadhoo,92,MV,1540762394,100,3.78,72.97,77.58,12.44
225,honningsvag,0,NO,1540759800,69,70.98,25.97,33.8,23.04
226,olinda,40,EC,1540760400,65,-2.03,-79.75,82.4,10.29
227,chokurdakh,88,RU,1540762395,81,70.62,147.9,10.12,20.49
228,mount isa,40,AU,1540760400,20,-20.73,139.49,82.4,5.82
229,sitka,0,US,1540762396,28,37.17,-99.65,69.16,5.39
230,awash,0,ET,1540762396,60,8.99,40.17,61.51,4.72
231,arinos,24,BR,1540762312,67,-15.92,-46.11,81.04,4.16
232,keflavik,90,IS,1540760400,93,64.0,-22.56,37.4,8.05
233,belaya gora,88,RU,1540762396,80,68.54,146.19,10.39,12.88
234,tiznit,20,MA,1540762397,99,29.7,-9.73,60.48,11.32
235,agadez,20,NE,1540762397,35,16.97,7.99,78.07,1.92
236,ginir,64,ET,1540762397,86,7.14,40.71,55.8,2.59
237,changping,0,CN,1540760400,24,40.22,116.23,46.4,15.66
238,longyearbyen,75,NO,1540759800,86,78.22,15.63,26.6,19.46
239,sokolskoye,80,RU,1540762398,100,57.14,43.16,32.71,14.0
240,qax,20,AZ,1540760400,76,41.42,46.93,50.0,9.17
241,chenghai,0,CN,1540760400,55,23.46,116.77,62.6,8.52
242,gasa,0,BT,1540762399,41,27.91,89.73,-11.57,2.04
243,bernalda,40,IT,1540760100,88,40.41,16.69,69.8,24.16
244,rolla,1,US,1540760160,37,37.95,-91.77,66.2,17.22
245,puerto ayacucho,40,CO,1540760400,74,5.66,-67.63,86.0,3.15
246,rincon,1,US,1540760160,40,32.3,-81.24,73.4,9.17
247,tual,0,ID,1540762400,100,-5.67,132.75,81.9,4.72
248,katsuura,0,JP,1540762400,100,33.93,134.5,51.16,6.96
249,mehamn,0,NO,1540759800,74,71.03,27.85,33.8,17.22
250,grand-santi,76,GF,1540762401,75,4.27,-54.38,83.65,2.48
251,reconquista,36,AR,1540762401,49,-29.14,-59.64,78.12,4.38
252,hofn,92,IS,1540762401,100,64.25,-15.21,43.65,29.89
253,toora-khem,0,RU,1540762401,65,52.47,96.11,16.78,4.27
254,maniitsoq,88,GL,1540762402,100,65.42,-52.9,30.28,4.61
255,dukat,44,RS,1540762402,65,42.44,22.31,57.78,5.95
256,laguna,5,MX,1540759200,23,27.52,-110.01,95.0,3.36
257,coquimbo,75,CL,1540760400,82,-29.95,-71.34,59.0,8.05
258,lompoc,1,US,1540760280,68,34.64,-120.46,78.8,16.11
259,omboue,48,GA,1540762403,100,-1.57,9.26,80.14,3.71
260,severo-kurilsk,92,RU,1540762403,99,50.68,156.12,43.96,14.23
261,bubaque,20,GW,1540760400,83,11.28,-15.83,82.4,2.24
262,jalu,0,LY,1540762404,30,29.03,21.55,72.9,12.55
263,chicama,0,PE,1540760400,72,-7.84,-79.15,68.0,11.41
264,nouadhibou,0,MR,1540760400,73,20.93,-17.03,69.8,12.75
265,chimbote,0,PE,1540762404,76,-9.08,-78.59,67.63,7.07
266,margate,40,AU,1540760400,66,-43.03,147.26,51.8,4.7
267,ayan,0,TR,1540762405,68,40.67,33.6,24.25,1.59
268,batsfjord,20,NO,1540759800,85,70.63,29.72,32.0,14.99
269,altay,92,CN,1540762406,84,47.83,88.13,25.83,1.92
270,umea,0,SE,1540759800,85,63.83,20.26,12.2,2.24
271,praia da vitoria,75,PT,1540760400,67,38.73,-27.07,62.6,16.24
272,mitsamiouli,20,KM,1540760400,78,-11.38,43.28,73.4,4.7
273,dingle,92,PH,1540762406,98,11.0,122.67,74.07,3.83
274,yining,0,CN,1540762407,78,29.04,114.56,39.1,2.04
275,devonport,0,AU,1540762407,84,-41.18,146.36,42.48,3.38
276,kingisepp,48,RU,1540762407,93,59.38,28.61,27.94,4.83
277,vaitape,8,PF,1540762407,100,-16.52,-151.75,80.68,5.95
278,shelton,20,US,1540760280,81,47.22,-123.1,57.2,6.93
279,cidreira,80,BR,1540762408,79,-30.17,-50.22,65.07,7.74
280,xuddur,0,SO,1540762408,92,4.12,43.89,63.9,2.71
281,bathsheba,40,BB,1540760400,74,13.22,-59.52,82.4,6.93
282,port-gentil,20,GA,1540760400,94,-0.72,8.78,75.2,4.7
283,maku,0,IR,1540762409,67,39.29,44.45,15.79,1.36
284,poykovskiy,0,RU,1540760400,95,61.23,73.33,32.0,6.71
285,merta,0,IN,1540762410,46,26.65,74.03,62.73,3.71
286,moissac,90,FR,1540760400,93,44.11,1.08,39.2,3.36
287,college,90,US,1540760760,79,64.86,-147.8,24.8,13.87
288,byron bay,90,AU,1540760400,77,-28.65,153.62,66.2,5.82
289,ponta do sol,20,BR,1540762410,52,-20.63,-46.0,77.58,5.39
290,sinnar,0,IN,1540762411,55,19.85,74.0,63.18,5.06
291,cockburn town,80,TC,1540762411,100,21.46,-71.14,82.21,7.07
292,qaqortoq,36,GL,1540759800,58,60.72,-46.03,28.4,4.7
293,virginia beach,20,US,1540761600,48,36.85,-75.98,62.6,11.41
294,genhe,88,CN,1540762411,81,50.78,121.52,22.77,10.76
295,baykalsk,0,RU,1540762412,92,51.52,104.15,40.0,2.59
296,naze,75,NG,1540760400,94,5.43,7.07,73.4,2.24
297,labuhan,12,ID,1540762412,98,-2.54,115.51,69.25,1.92
298,klaksvik,88,FO,1540759800,70,62.23,-6.59,44.6,24.16
299,vao,92,EE,1540762413,97,59.1,26.19,33.97,6.06
300,nurota,80,UZ,1540758600,76,40.56,65.69,48.2,9.17
301,caruray,44,PH,1540762413,100,10.31,119.01,81.63,8.3
302,rehburg-loccum,75,DE,1540761600,80,52.47,9.2,39.2,11.41
303,phangnga,20,TH,1540760400,88,8.45,98.53,77.0,2.15
304,rotherham,0,GB,1540761600,84,53.43,-1.36,39.2,8.05
305,greytown,0,ZA,1540762415,86,-29.06,30.59,59.89,1.81
306,los llanos de aridane,75,ES,1540760400,72,28.66,-17.92,68.0,13.87
307,bandarbeyla,0,SO,1540762415,100,9.49,50.81,76.68,8.41
308,yeppoon,90,AU,1540760400,74,-23.13,150.74,78.8,6.93
309,mezen,64,RU,1540762416,90,65.85,44.24,27.63,3.94
310,kuusamo,40,FI,1540759800,100,65.96,29.19,17.6,4.7
311,sierpc,92,PL,1540762416,100,52.85,19.67,36.22,17.25
312,kuressaare,0,EE,1540759800,80,58.21,25.84,30.2,4.7
313,loandjili,40,CG,1540760400,94,-4.77,11.87,75.2,4.94
314,lebu,20,ET,1540760400,58,8.96,38.73,55.4,6.93
315,ambilobe,80,MG,1540762417,84,-13.19,49.05,73.98,2.37
316,gracac,0,RS,1540758600,56,43.65,20.83,68.0,11.41
317,perth,0,GB,1540759800,91,56.4,-3.43,35.6,2.24
318,iturama,0,BR,1540762417,53,-19.73,-50.2,81.4,5.39
319,gazanjyk,0,TM,1540762418,89,39.24,55.52,44.32,8.63
320,bocanda,12,CI,1540762418,84,7.06,-4.5,78.03,5.39
321,zuwarah,36,LY,1540762418,70,32.93,12.08,74.83,9.98
322,bairnsdale,0,AU,1540762418,88,-37.83,147.63,48.82,4.38
323,sonoita,1,US,1540760280,21,31.68,-110.66,91.4,8.05
324,leningradskiy,0,RU,1540762419,100,69.38,178.42,12.37,6.51
325,pacific grove,1,US,1540760100,68,36.62,-121.92,77.0,6.93
326,montlucon,92,FR,1540762420,99,46.33,2.6,34.15,9.86
327,riyadh,75,SA,1540760400,72,24.63,46.72,64.4,14.99
328,beringovskiy,80,RU,1540762149,100,63.05,179.32,25.96,8.41
329,ontario,75,US,1540760280,18,34.07,-117.65,91.4,4.7
330,wajir,20,KE,1540762420,93,1.75,40.07,71.59,3.71
331,surbo,40,IT,1540760100,100,40.4,18.13,68.0,23.04
332,padang,68,ID,1540762421,100,-0.92,100.36,80.59,2.93
333,sao felix do xingu,8,BR,1540762421,85,-6.64,-51.99,82.17,1.92
334,koson,0,UZ,1540760400,93,39.04,65.59,48.2,4.7
335,becicherecu mic,0,RO,1540760400,63,45.83,21.05,66.2,10.29
336,mujiayingzi,0,CN,1540762422,47,42.12,118.78,25.78,11.77
337,maues,36,BR,1540762332,72,-3.38,-57.72,87.43,1.92
338,dmitriyevka,12,GE,1540762422,100,43.08,41.0,42.12,3.15
339,san borja,20,BO,1540762422,66,-14.86,-66.75,85.99,2.93
340,pangnirtung,40,CA,1540756800,57,66.15,-65.72,19.4,8.05
341,kuopio,75,FI,1540759800,85,62.89,27.68,24.8,6.93
342,emerald,12,AU,1540762423,76,-23.53,148.16,75.91,14.56
343,kayerkan,76,RU,1540762423,88,69.35,87.76,20.74,8.41
344,touros,0,BR,1540762423,81,-5.2,-35.46,79.65,9.75
345,saint-joseph,92,FR,1540760400,68,43.56,6.97,66.2,6.93
346,acapulco,5,MX,1540759740,74,16.86,-99.88,86.0,5.82
347,namibe,0,AO,1540762424,81,-15.19,12.15,80.32,19.6
348,kjollefjord,0,NO,1540759800,74,70.95,27.35,33.8,17.22
349,beaverlodge,90,CA,1540760400,76,55.21,-119.43,32.0,9.17
350,berdigestyakh,64,RU,1540762425,75,62.1,126.7,16.47,8.41
351,cairns,20,AU,1540760400,73,-16.92,145.77,77.0,6.93
352,acajutla,75,SV,1540759800,59,13.59,-89.83,89.6,6.93
353,zemio,76,CF,1540762426,98,5.02,25.13,68.13,5.17
354,edd,0,ER,1540762426,49,13.93,41.69,68.53,1.92
355,kenai,75,US,1540760160,80,60.55,-151.26,41.0,9.17
356,roma,75,IT,1540760100,82,41.89,12.48,69.8,13.87
357,shubarkuduk,100,KZ,1540762427,90,49.15,56.49,46.17,26.53
358,bonavista,100,CA,1540762427,100,48.65,-53.11,41.13,19.82
359,beloha,76,MG,1540762427,92,-25.17,45.06,64.66,15.01
360,thompson,90,CA,1540760400,80,55.74,-97.86,32.0,4.7
361,lewistown,1,US,1540760100,41,40.39,-90.15,60.8,24.16
362,chifeng,0,CN,1540762428,47,42.27,118.96,25.78,11.77
363,mayo,75,CA,1540760400,69,63.59,-135.9,33.8,9.17
364,kholm,80,RU,1540762428,83,57.15,31.18,31.99,11.32
365,okmulgee,1,US,1540761300,31,35.62,-95.96,75.2,8.05
366,srednekolymsk,12,RU,1540762429,69,67.46,153.71,1.66,5.5
367,waitati,32,NZ,1540762429,98,-45.75,170.57,49.32,3.6
368,de aar,0,ZA,1540762429,19,-30.65,24.01,66.82,5.95
369,lumut,0,ID,1540762429,92,-8.46,120.34,66.1,3.49
370,hasaki,20,JP,1540758600,93,35.73,140.83,50.0,3.36
371,lao cai,88,VN,1540762430,98,22.48,103.95,63.67,1.81
372,richards bay,0,ZA,1540762430,79,-28.77,32.06,67.05,10.2
373,vestmannaeyjar,92,IS,1540762430,100,63.44,-20.27,38.88,7.74
374,yaan,24,NG,1540762431,90,7.38,8.57,76.18,2.59
375,northam,0,GB,1540759800,80,51.04,-4.21,39.2,6.93
376,lavrentiya,48,RU,1540762431,100,65.58,-170.99,26.86,4.16
377,kattivakkam,20,IN,1540760400,83,13.22,80.32,75.2,3.36
378,tucumcari,1,US,1540759980,37,35.17,-103.73,66.2,3.36
379,darnah,0,LY,1540762432,98,32.77,22.64,74.25,19.71
380,westport,56,IE,1540762433,100,53.8,-9.52,39.37,10.09
381,kearney,1,US,1540761300,29,40.7,-99.08,68.0,9.17
382,kedrovyy,0,RU,1540760400,32,56.17,91.82,55.4,13.42
383,saint-louis,75,CH,1540760400,86,47.59,7.56,39.2,11.41
384,batagay-alyta,36,RU,1540762143,76,67.8,130.41,17.32,7.29
385,bud,0,NO,1540759800,68,62.91,6.91,33.8,9.17
386,gao,0,ML,1540762434,31,16.28,-0.04,81.18,8.08
387,dodoma,12,TZ,1540762434,67,-6.18,35.75,68.67,7.63
388,yarega,12,RU,1540762435,80,63.43,53.58,12.15,3.38
389,samana,40,EC,1540760400,55,0.12,-76.97,89.6,4.7
390,kyaikkami,0,MM,1540762435,87,16.08,97.57,75.1,1.81
391,aksarka,88,RU,1540762436,84,66.56,67.8,18.67,3.71
392,coos bay,1,US,1540761300,59,43.37,-124.22,64.4,12.75
393,east wenatchee bench,1,US,1540760100,71,47.43,-120.28,57.2,3.36
394,balabac,0,PH,1540762436,100,7.99,117.06,84.55,8.41
395,mosetse,0,BW,1540762437,16,-20.64,26.64,77.4,14.9
396,teguldet,100,RU,1540762437,70,57.31,88.17,50.67,14.67
397,sao jose da coroa grande,0,BR,1540762437,70,-8.9,-35.15,80.73,16.02
398,arman,90,RU,1540760400,100,59.7,150.17,28.4,4.94
399,sayula,75,MX,1540759260,78,19.88,-103.6,80.6,11.41
400,jiuquan,0,CN,1540762438,52,39.73,98.49,22.63,3.27
401,washington,1,US,1540760580,50,38.9,-77.04,60.8,8.3
402,lata,0,IN,1540762439,54,30.78,78.62,40.9,2.93
403,mayumba,8,GA,1540762439,98,-3.44,10.65,77.26,4.38
404,gaoyou,0,CN,1540762439,86,32.79,119.43,46.21,5.28
405,leh,0,IN,1540762439,61,34.16,77.58,-17.33,2.15
406,tazovskiy,64,RU,1540762440,89,67.47,78.7,14.58,3.6
407,port hardy,75,CA,1540760400,93,50.7,-127.42,50.0,12.75
408,elk city,1,US,1540760100,32,35.41,-99.4,71.6,12.75
409,walvis bay,36,NA,1540760400,77,-22.95,14.51,66.2,3.36
410,banda aceh,8,ID,1540762440,100,5.56,95.32,73.21,2.37
411,hastings,8,NZ,1540762441,89,-39.64,176.84,61.06,6.4
412,manono,88,CD,1540762441,78,-7.3,27.4,73.66,8.08
413,kysyl-syr,88,RU,1540762441,80,63.9,122.77,28.17,9.42
414,karratha,0,AU,1540762441,79,-20.74,116.85,64.8,2.82
415,floresti,12,MD,1540762442,77,47.89,28.3,51.25,7.07
416,havre-saint-pierre,90,CA,1540761240,86,50.23,-63.6,28.4,19.46
417,dogondoutchi,56,NE,1540762442,76,13.64,4.03,77.53,3.15
418,cheyenne,1,US,1540760280,24,41.14,-104.82,69.8,6.93
419,cabedelo,0,BR,1540760400,74,-6.97,-34.84,78.8,6.93
420,olds,75,CA,1540760400,52,51.79,-114.11,46.4,13.87
421,verkhniy avzyan,92,RU,1540762443,98,53.53,57.54,39.01,13.78
422,mikkeli,0,FI,1540761600,92,61.69,27.27,17.6,5.95
423,poum,76,MK,1540762444,58,41.28,20.71,57.28,3.71
424,baruun-urt,0,MN,1540762444,77,46.68,113.28,13.81,8.3
425,capao bonito,20,BR,1540762444,75,-24.01,-48.35,63.45,10.54
426,iqaluit,90,CA,1540760400,79,63.75,-68.52,19.4,5.82
427,pisz,92,PL,1540762445,100,53.63,21.81,36.45,15.9
428,le port,20,FR,1540762445,98,42.87,1.37,20.38,1.36
429,arawa,88,NG,1540762445,82,7.05,3.9,77.98,1.59
430,belmonte,0,PT,1540762446,67,40.36,-7.35,39.42,9.64
431,bahir dar,20,ET,1540762446,69,11.59,37.39,56.47,2.71
432,tabuk,56,PH,1540762446,82,17.41,121.44,54.58,2.59
433,south lake tahoe,1,US,1540761300,19,38.93,-119.98,73.4,11.41
434,coihaique,75,CL,1540760400,59,-45.58,-72.07,62.6,3.36
435,saint-pierre,90,FR,1540760400,63,48.95,4.24,44.6,24.16
436,lukulu,0,ZM,1540762447,26,-14.38,23.24,74.88,11.54
437,lewisville,1,US,1540760100,37,33.05,-96.99,87.8,4.7
438,saint-augustin,90,FR,1540760400,100,44.83,-0.61,41.0,6.93
439,ormond beach,1,US,1540759980,52,29.29,-81.06,73.4,3.36
440,bure,48,NG,1540762448,73,10.52,10.33,75.19,3.27
441,sokolo,0,ML,1540762448,49,14.74,-6.12,76.05,4.16
442,susanville,75,US,1540760100,32,40.42,-120.65,68.0,8.05
443,nizhniy odes,0,RU,1540762449,82,63.64,54.86,14.8,2.37
444,bitung,20,ID,1540760400,94,1.44,125.19,75.2,1.12
445,plouzane,76,FR,1540760400,75,48.38,-4.62,48.2,9.17
446,san cristobal,40,EC,1540760400,52,-0.39,-78.55,66.2,16.11
447,batemans bay,24,AU,1540762450,100,-35.71,150.18,53.68,3.6
448,khanpur,0,PK,1540762450,71,28.65,70.66,66.87,2.93
449,roros,0,NO,1540759800,91,62.57,11.38,-0.41,2.24
450,sirsi,0,IN,1540762451,50,14.62,74.84,67.81,7.52
451,malindi,92,KE,1540762451,89,-3.22,40.12,77.71,8.63
452,portland,40,US,1540760160,67,45.52,-122.67,62.6,5.82
453,caravelas,88,BR,1540762451,100,-17.73,-39.27,75.42,20.15
454,mikhaylovskoye,0,RU,1540762452,75,43.1,44.64,34.02,2.71
455,whitehorse,75,CA,1540760400,86,60.72,-135.06,28.4,5.82
456,andros,0,GR,1540759800,77,37.83,24.93,64.4,6.93
457,eyl,0,SO,1540762452,100,7.98,49.82,74.83,7.18
458,wuan,0,CN,1540762453,53,31.68,112.0,47.11,7.29
459,noumea,90,NC,1540760400,69,-22.28,166.46,75.2,6.93
460,sandviken,56,SE,1540762453,100,60.62,16.77,30.55,5.84
461,fort saint james,36,CA,1540762453,86,54.43,-124.25,43.65,3.83
462,kondinskoye,80,RU,1540762454,83,59.65,67.41,34.02,5.06
463,moose factory,40,CA,1540760400,64,51.26,-80.61,32.0,6.93
464,tsaratanana,20,MG,1540762454,92,-16.8,47.65,63.27,2.15
465,lasa,20,CY,1540760400,67,34.92,32.53,60.8,8.05
466,linjiang,88,CN,1540762455,75,41.81,126.91,22.68,3.94
467,necochea,76,AR,1540762455,92,-38.55,-58.74,66.82,6.73
468,chadiza,0,ZM,1540762456,34,-14.06,32.43,70.33,12.1
469,bamiantong,0,CN,1540762456,75,44.93,130.53,12.42,3.38
470,urukh,0,RU,1540760400,56,43.3,44.03,42.8,4.47
471,dedougou,12,BF,1540762456,74,12.47,-3.47,80.86,4.83
472,buchanan,40,LR,1540760400,94,5.88,-10.05,78.8,7.29
473,bermeo,75,ES,1540760400,93,43.42,-2.72,42.8,2.24
474,moranbah,20,AU,1540762457,63,-22.0,148.04,75.33,7.85
475,wamba,12,CD,1540762457,90,2.14,27.99,70.38,1.7
476,nehe,56,CN,1540762458,95,48.48,124.88,25.47,8.41
477,barra dos coqueiros,0,BR,1540760400,69,-10.91,-37.04,80.6,16.11
478,hay river,75,CA,1540760400,92,60.82,-115.79,28.4,6.93
479,grants,1,US,1540761300,15,35.15,-107.85,71.6,3.36
480,toccoa,1,US,1540761300,52,34.58,-83.33,69.8,11.41
481,teya,75,MX,1540759860,55,21.05,-89.07,86.0,11.41
482,meadow lake,75,CA,1540760400,49,54.13,-108.44,48.2,5.82
483,menongue,0,AO,1540762459,34,-14.66,17.68,68.35,4.94
484,gejiu,80,CN,1540762459,97,23.36,103.16,59.62,2.37
485,amapa,75,HN,1540760400,62,15.09,-87.97,87.8,13.87
486,gari,88,RU,1540762460,75,59.43,62.35,32.67,3.38
487,anju,0,KP,1540762460,100,39.62,125.66,30.55,6.96
488,dapaong,44,TG,1540762460,72,10.86,0.2,80.14,4.38
489,sabha,64,LY,1540762461,37,27.03,14.43,70.38,2.93
490,saint-francois,90,FR,1540760400,86,46.42,3.91,41.0,2.24
491,turayf,0,SA,1540760400,57,31.68,38.65,50.0,4.7
492,siocon,80,PH,1540762461,100,11.03,124.04,80.5,15.57
493,guerrero negro,64,MX,1540762462,46,27.97,-114.04,83.65,8.63
494,lusambo,64,CD,1540762462,94,-4.97,23.44,72.49,2.15
495,quatre cocos,20,MU,1540760400,82,-20.21,57.76,68.0,5.82
496,muisne,88,EC,1540762462,70,0.61,-80.02,81.04,5.84
497,rio gallegos,0,AR,1540760400,70,-51.62,-69.22,57.2,10.29
498,ergani,0,TR,1540759800,87,38.27,39.76,48.2,3.36
499,atkarsk,88,RU,1540762463,97,51.88,45.01,47.02,8.41
500,tiksi,80,RU,1540762463,86,71.64,128.87,29.52,22.06
501,hohhot,0,CN,1540756800,35,40.81,111.65,41.0,15.66
502,catuday,20,PH,1540762464,91,16.29,119.81,77.89,18.25
503,tromso,40,NO,1540759800,64,69.65,18.96,33.8,19.46
504,indramayu,80,ID,1540762464,98,-4.05,103.78,69.03,2.71
505,zhigalovo,0,RU,1540762464,67,54.81,105.15,17.82,2.15
506,brookings,1,US,1540761300,35,44.31,-96.8,59.0,17.22
507,carutapera,0,BR,1540762465,71,-1.2,-46.02,83.11,10.98
508,celestun,0,MX,1540762272,98,20.87,-90.4,81.67,21.16
509,alofi,88,NU,1540760400,69,-19.06,-169.92,82.4,11.41
510,taoudenni,0,ML,1540762465,25,22.68,-3.98,76.72,7.4
511,orlik,0,RU,1540762466,47,52.51,99.83,-2.03,2.93
512,shimoda,0,JP,1540762466,100,34.7,138.93,65.56,25.41
513,smithers,90,CA,1540760400,87,54.78,-127.17,42.8,4.7
514,popova,0,RS,1540760400,45,43.33,21.27,68.0,3.36
515,isabela,68,PH,1540762467,95,10.2,122.99,71.05,2.93
516,kasongo,88,CD,1540762467,91,-4.43,26.67,71.23,4.72
517,katangli,0,RU,1540762467,100,51.71,143.23,36.94,7.96
518,mercedes,88,UY,1540762467,58,-33.25,-58.03,73.53,4.5
519,fare,0,PF,1540762468,99,-16.7,-151.02,81.31,4.5
520,san jose,48,PH,1540762287,83,15.79,120.99,64.53,2.04
521,haines junction,12,CA,1540762469,89,60.75,-137.51,21.78,2.59
522,cabo san lucas,5,MX,1540759440,65,22.89,-109.91,87.8,5.82
523,tuatapere,92,NZ,1540762469,100,-46.13,167.69,47.52,3.94
524,kaitangata,32,NZ,1540762469,97,-46.28,169.85,51.52,4.61
525,calvinia,64,ZA,1540762469,13,-31.47,19.78,85.36,7.63
526,kudahuvadhoo,88,MV,1540762470,100,2.67,72.89,78.75,15.57
527,zalesovo,88,RU,1540762470,67,54.0,84.74,37.84,24.18
528,bonfim,20,BR,1540760400,51,-20.33,-44.24,80.6,4.7
529,chimore,80,BO,1540762471,83,-16.98,-65.13,79.51,2.59
530,shubarshi,88,KZ,1540762471,75,48.59,57.19,45.4,24.07
531,chapais,90,CA,1540760940,92,49.78,-74.86,28.4,9.17
532,bambanglipuro,76,ID,1540762471,100,-7.95,110.28,69.3,2.04
533,port hawkesbury,90,CA,1540760880,93,45.62,-61.36,59.0,10.29
534,guhagar,0,IN,1540762472,83,17.48,73.19,81.04,5.95
535,manadhoo,92,MV,1540762472,100,5.77,73.38,80.41,13.44
536,danjiangkou,0,CN,1540762473,46,32.54,111.51,49.9,7.85
537,pallasovka,36,RU,1540762473,66,50.04,46.89,58.18,16.24
538,chulman,0,RU,1540762473,73,56.84,124.9,4.36,3.15
539,dubti,0,ET,1540762473,52,11.74,41.09,69.52,5.95
540,burnie,0,AU,1540762474,100,-41.05,145.91,50.89,11.43
541,poya,68,NC,1540762474,100,-21.35,165.16,72.45,5.5
542,ulaangom,88,MN,1540762474,66,49.98,92.07,19.17,2.04
543,voyvozh,36,RU,1540762474,90,62.89,54.96,23.53,6.29
544,gat,0,SN,1540760400,62,14.69,-16.54,84.2,4.7
545,ahipara,92,NZ,1540762475,100,-35.17,173.16,54.4,21.16
546,manzhouli,48,CN,1540762475,79,49.6,117.43,16.96,6.73
547,tautira,75,PF,1540760400,74,-17.73,-149.15,82.4,12.75
548,san quintin,40,PH,1540760400,64,17.54,120.52,75.2,6.93
549,ambon,0,FR,1540760400,45,47.55,-2.56,46.4,16.11
550,lazaro cardenas,5,MX,1540759260,29,28.39,-105.62,78.8,5.82
